-- ============================================================
-- EMSA Gestion de Turnos - Datos Operativos
-- Generado automaticamente desde la base de datos
-- ============================================================

-- IMPORTANTE: Ejecutar despues de 001_schema.sql y 002_seed.sql

-- ============================================================
-- CARGOS ADICIONALES (generados desde CSV)
-- ============================================================

INSERT INTO cargos (id, nombre, proyecto_id, empresa_id, jefe_directo_id, nivel) VALUES
(15, 'Asesor Tecnico Lodos', 3, 2, NULL, 'OPERATIVO'),
(16, 'Prevencionista De Riesgos', 3, 2, NULL, 'OPERATIVO'),
(17, 'Perforista De Sondaje', 3, 2, NULL, 'OPERATIVO'),
(18, 'Ayudante De Sondaje', 3, 2, NULL, 'OPERATIVO'),
(19, 'Coordinador Administrativo', 3, 2, NULL, 'OPERATIVO'),
(20, 'Bodeguero', 3, 2, NULL, 'OPERATIVO'),
(21, 'Supervisor De Faena', 3, 2, NULL, 'OPERATIVO'),
(22, 'Mantenedor', 3, 2, NULL, 'OPERATIVO'),
(23, 'Chofer De Sondaje', 3, 2, NULL, 'OPERATIVO'),
(24, 'Jefe Faena', 3, 2, NULL, 'OPERATIVO'),
(25, 'Mantenedor', 2, 2, NULL, 'OPERATIVO'),
(26, 'Chofer De Sondaje', 2, 2, NULL, 'OPERATIVO'),
(27, 'Supervisor De Faena', 2, 2, NULL, 'OPERATIVO'),
(28, 'Perforista De Sondaje', 2, 2, NULL, 'OPERATIVO'),
(29, 'Ayudante De Sondaje', 2, 2, NULL, 'OPERATIVO'),
(30, 'Abastecedor', 1, 3, NULL, 'OPERATIVO'),
(31, 'Conductor Operador', 1, 3, NULL, 'OPERATIVO'),
(32, 'Supervisor De Gestion Hsec', 1, 5, NULL, 'OPERATIVO'),
(33, 'Operador De Sondaje', 1, 5, NULL, 'OPERATIVO'),
(34, 'Ayudante De Sondaje', 1, 5, NULL, 'OPERATIVO'),
(35, 'Chofer De Sondaje', 1, 5, NULL, 'OPERATIVO'),
(36, 'Mecanico', 1, 5, NULL, 'OPERATIVO'),
(37, 'Administrativo', 1, 5, NULL, 'OPERATIVO'),
(38, 'Soldador', 1, 5, NULL, 'OPERATIVO'),
(39, 'Supervisor', 1, 5, NULL, 'OPERATIVO'),
(40, 'Prevencionista De Riesgos', 2, 2, NULL, 'OPERATIVO'),
(41, 'Coordinador Administrativo', 2, 2, NULL, 'OPERATIVO'),
(42, 'Supervisor', 2, 2, NULL, 'OPERATIVO'),
(43, 'Supervisor Hsec', 2, 2, NULL, 'OPERATIVO'),
(44, 'Jefe Faena', 4, 2, NULL, 'OPERATIVO'),
(45, 'Supervisor', 4, 2, NULL, 'OPERATIVO'),
(46, 'Prevencionista De Riesgos', 4, 2, NULL, 'OPERATIVO'),
(47, 'Coordinador Administrativo', 4, 2, NULL, 'OPERATIVO'),
(48, 'Bodeguero', 4, 2, NULL, 'OPERATIVO'),
(49, 'Perforista De Sondaje', 4, 2, NULL, 'OPERATIVO'),
(50, 'Ayudante De Sondaje', 4, 2, NULL, 'OPERATIVO'),
(51, 'Rigger', 4, 2, NULL, 'OPERATIVO'),
(52, 'Mantenedor', 4, 2, NULL, 'OPERATIVO'),
(53, 'Chofer De Sondaje', 4, 2, NULL, 'OPERATIVO'),
(54, 'Chofer De Servicio', 4, 2, NULL, 'OPERATIVO'),
(55, 'Mecanico', 1, 4, NULL, 'OPERATIVO'),
(56, 'Administrativo', 1, 4, NULL, 'OPERATIVO'),
(57, 'Chofer De Sondaje', 1, 4, NULL, 'OPERATIVO'),
(58, 'Operador De Sondaje', 1, 4, NULL, 'OPERATIVO'),
(59, 'Ayudante De Sondaje', 1, 4, NULL, 'OPERATIVO'),
(60, 'Soldador', 1, 4, NULL, 'OPERATIVO');

-- ============================================================
-- TRABAJADORES
-- ============================================================

INSERT INTO trabajadores (id, rut, nombres, apellidos, email, telefono, proyecto_id, empresa_id, cargo_id, activo, fecha_ingreso) VALUES
(1, '23.041.880-2', 'Vicente Alvaro', 'Lopez Molina', 'vicente.lopez@perforacionesandinas.cl', NULL, 3, 2, 15, TRUE, NULL),
(2, '23.365.585-6', 'Luis Alvaro', 'Espinoza Rodriguez', 'luis.espinoza@perforacionesandinas.cl', NULL, 3, 2, 16, TRUE, NULL),
(3, '18.740.063-5', 'Claudio Pablo', 'Reyes Garrido', 'claudio.reyes@perforacionesandinas.cl', NULL, 3, 2, 17, TRUE, NULL),
(4, '18.344.004-7', 'Patricio Pablo', 'Quintero Villalobos', 'patricio.quintero@perforacionesandinas.cl', NULL, 3, 2, 18, TRUE, NULL),
(5, '17.065.303-3', 'Ivan Lucas', 'Pinto Maldonado', 'ivan.pinto@perforacionesandinas.cl', NULL, 3, 2, 19, TRUE, NULL),
(6, '18.105.247-3', 'Victor Tomas', 'Navarro Medina', 'victor.navarro@perforacionesandinas.cl', NULL, 3, 2, 20, TRUE, NULL),
(7, '15.815.317-3', 'Pablo Mario', 'Munoz Valenzuela', 'pablo.munoz@perforacionesandinas.cl', NULL, 3, 2, 21, TRUE, NULL),
(8, '24.360.280-7', 'Benjamin Sergio', 'Lagos Palma', 'benjamin.lagos@perforacionesandinas.cl', NULL, 3, 2, 16, TRUE, NULL),
(9, '18.721.196-4', 'Mario Ignacio', 'Morales Orellana', 'mario.morales@perforacionesandinas.cl', NULL, 3, 2, 22, TRUE, NULL),
(10, '13.023.127-6', 'Gabriel Miguel', 'Escobar Ibanez', 'gabriel.escobar@perforacionesandinas.cl', NULL, 3, 2, 22, TRUE, NULL),
(11, '21.257.603-4', 'Gonzalo Tomas', 'Morales Navarro', 'gonzalo.morales@perforacionesandinas.cl', NULL, 3, 2, 23, TRUE, NULL),
(12, '16.155.909-1', 'Carlos Claudio', 'Torres Arriagada', 'carlos.torres@perforacionesandinas.cl', NULL, 3, 2, 23, TRUE, NULL),
(13, '15.678.685-3', 'Fernando Victor', 'Valenzuela Opazo', 'fernando.valenzuela@perforacionesandinas.cl', NULL, 3, 2, 22, TRUE, NULL),
(14, '18.252.201-5', 'Alvaro Felipe', 'Maldonado Quintero', 'alvaro.maldonado@perforacionesandinas.cl', NULL, 3, 2, 16, TRUE, NULL),
(15, '18.649.339-7', 'Gonzalo Felipe', 'Perez Rios', 'gonzalo.perez@perforacionesandinas.cl', NULL, 3, 2, 21, TRUE, NULL),
(16, '11.740.807-8', 'Veronica Isidora', 'Zuniga Palma', 'veronica.zuniga@perforacionesandinas.cl', NULL, 3, 2, 18, TRUE, NULL),
(17, '16.120.889-2', 'Raul Tomas', 'Acuna Vergara', 'raul.acuna@perforacionesandinas.cl', NULL, 3, 2, 18, TRUE, NULL),
(18, '18.075.138-6', 'Martin Hernan', 'Figueroa Lopez', 'martin.figueroa@perforacionesandinas.cl', NULL, 3, 2, 17, TRUE, NULL),
(19, '16.609.771-1', 'Hugo Victor', 'Orellana Lopez', 'hugo.orellana@perforacionesandinas.cl', NULL, 3, 2, 18, TRUE, NULL),
(20, '10.574.824-8', 'Catalina Andrea', 'Castillo Fernandez', 'catalina.castillo@perforacionesandinas.cl', NULL, 3, 2, 18, TRUE, NULL),
(21, '11.890.785-K', 'Elena Teresa', 'Flores Torres', 'elena.flores@perforacionesandinas.cl', NULL, 3, 2, 17, TRUE, NULL),
(22, '18.910.700-5', 'Sergio Joaquin', 'Carrasco Pizarro', 'sergio.carrasco@perforacionesandinas.cl', NULL, 3, 2, 18, TRUE, NULL),
(23, '12.221.680-2', 'Carla Carmen', 'Rodriguez Molina', 'carla.rodriguez@perforacionesandinas.cl', NULL, 3, 2, 17, TRUE, NULL),
(24, '18.196.714-5', 'Mario Alejandro', 'Garrido Rios', 'mario.garrido@perforacionesandinas.cl', NULL, 3, 2, 18, TRUE, NULL),
(25, '23.372.306-1', 'Alejandro Raul', 'Leiva Escobar', 'alejandro.leiva@perforacionesandinas.cl', NULL, 3, 2, 18, TRUE, NULL),
(26, '13.520.592-3', 'Pedro Rodrigo', 'Acuna Vega', 'pedro.acuna@perforacionesandinas.cl', NULL, 3, 2, 17, TRUE, NULL),
(27, '10.429.143-0', 'Sofia Lorena', 'Cornejo Maldonado', 'sofia.cornejo@perforacionesandinas.cl', NULL, 3, 2, 18, TRUE, NULL),
(28, '10.340.422-3', 'Claudia Macarena', 'Caceres Campos', 'claudia.caceres@perforacionesandinas.cl', NULL, 3, 2, 18, TRUE, NULL),
(29, '17.761.169-7', 'Victor Martin', 'Pizarro Espinoza', 'victor.pizarro@perforacionesandinas.cl', NULL, 3, 2, 17, TRUE, NULL),
(30, '20.140.773-7', 'Leonardo Lucas', 'Zuniga Jara', 'leonardo.zuniga@perforacionesandinas.cl', NULL, 3, 2, 18, TRUE, NULL),
(31, '10.930.549-9', 'Hernan Hugo', 'Ahumada Jara', 'hernan.ahumada@perforacionesandinas.cl', NULL, 3, 2, 18, TRUE, NULL),
(32, '21.759.302-6', 'Matias Pedro', 'Perez Guzman', 'matias.perez@perforacionesandinas.cl', NULL, 3, 2, 18, TRUE, NULL),
(33, '16.488.311-6', 'Tomas Hernan', 'Jara Mendoza', 'tomas.jara@perforacionesandinas.cl', NULL, 3, 2, 18, TRUE, NULL),
(34, '20.826.138-K', 'Rodrigo Ivan', 'Ortiz Saavedra', 'rodrigo.ortiz@perforacionesandinas.cl', NULL, 3, 2, 24, TRUE, NULL),
(35, '23.809.120-9', 'Martin Jorge', 'Morales Lopez', 'martin.morales@perforacionesandinas.cl', NULL, 3, 2, 19, TRUE, NULL),
(36, '22.761.674-1', 'Mario Eduardo', 'Vargas Jara', 'mario.vargas@perforacionesandinas.cl', NULL, 3, 2, 20, TRUE, NULL),
(37, '16.977.854-K', 'Ivan Vicente', 'Rodriguez Quintero', 'ivan.rodriguez@perforacionesandinas.cl', NULL, 2, 2, 25, TRUE, NULL),
(38, '11.413.781-2', 'Josefa Isidora', 'Arriagada Fuentes', 'josefa.arriagada@perforacionesandinas.cl', NULL, 2, 2, 26, TRUE, NULL),
(39, '11.895.638-9', 'Gabriela Francisca', 'Garcia Poblete', 'gabriela.garcia@perforacionesandinas.cl', NULL, 2, 2, 26, TRUE, NULL),
(40, '21.340.231-5', 'Sergio Andres', 'Godoy Lopez', 'sergio.godoy@perforacionesandinas.cl', NULL, 2, 2, 26, TRUE, NULL),
(41, '15.111.820-8', 'Joaquin Bruno', 'Castillo Donoso', 'joaquin.castillo@perforacionesandinas.cl', NULL, 2, 2, 27, TRUE, NULL),
(42, '17.434.796-4', 'Oscar Raul', 'Munoz Tapia', 'oscar.munoz@perforacionesandinas.cl', NULL, 2, 2, 25, TRUE, NULL),
(43, '14.186.095-K', 'Mauricio Luis', 'Olivares Riquelme', 'mauricio.olivares@perforacionesandinas.cl', NULL, 2, 2, 28, TRUE, NULL),
(44, '19.742.747-7', 'Patricio Diego', 'Aguilera Castillo', 'patricio.aguilera@perforacionesandinas.cl', NULL, 2, 2, 29, TRUE, NULL),
(45, '23.386.469-2', 'Mauricio Mario', 'Fernandez Opazo', 'mauricio.fernandez@perforacionesandinas.cl', NULL, 2, 2, 29, TRUE, NULL),
(46, '24.917.855-1', 'Agustin Pedro', 'Montes Becerra', 'agustin.montes@perforacionesandinas.cl', NULL, 2, 2, 28, TRUE, NULL),
(47, '17.736.374-K', 'Gabriel Jorge', 'Salazar Salazar', 'gabriel.salazar@perforacionesandinas.cl', NULL, 2, 2, 29, TRUE, NULL),
(48, '11.324.952-8', 'Rosa Gabriela', 'Villalobos Herrera', 'rosa.villalobos@perforacionesandinas.cl', NULL, 2, 2, 29, TRUE, NULL),
(49, '14.495.336-3', 'Ricardo Rodrigo', 'Silva Arriagada', 'ricardo.silva@perforacionesandinas.cl', NULL, 2, 2, 28, TRUE, NULL),
(50, '21.405.024-2', 'Vicente Maximiliano', 'Fernandez Silva', 'vicente.fernandez@perforacionesandinas.cl', NULL, 2, 2, 29, TRUE, NULL),
(51, '15.402.554-5', 'Lucas Claudio', 'Fernandez Acuna', 'lucas.fernandez@perforacionesandinas.cl', NULL, 2, 2, 29, TRUE, NULL),
(52, '10.788.554-4', 'Paola Lorena', 'Aguilera Barraza', 'paola.aguilera@perforacionesandinas.cl', NULL, 2, 2, 28, TRUE, NULL),
(53, '12.526.152-3', 'Martin Roberto', 'Guzman Garrido', 'martin.guzman@perforacionesandinas.cl', NULL, 2, 2, 29, TRUE, NULL),
(54, '22.629.493-7', 'Mauricio Vicente', 'Godoy Salazar', 'mauricio.godoy@perforacionesandinas.cl', NULL, 2, 2, 29, TRUE, NULL),
(55, '12.087.131-5', 'Maria Carla', 'Salinas Donoso', 'maria.salinas@perforacionesandinas.cl', NULL, 2, 2, 28, TRUE, NULL),
(56, '11.447.906-3', 'Natalia Amanda', 'Barraza Valenzuela', 'natalia.barraza@perforacionesandinas.cl', NULL, 2, 2, 29, TRUE, NULL),
(57, '11.875.632-0', 'Carmen Javiera', 'Pena Moya', 'carmen.pena@perforacionesandinas.cl', NULL, 2, 2, 29, TRUE, NULL),
(58, '24.033.701-0', 'Matias Matias', 'Jara Navarro', 'matias.jara@perforacionesandinas.cl', NULL, 2, 2, 28, TRUE, NULL),
(59, '15.059.691-2', 'Eduardo Andres', 'Fuentes Cortes', 'eduardo.fuentes@perforacionesandinas.cl', NULL, 2, 2, 29, TRUE, NULL),
(60, '10.698.117-5', 'Carla Andrea', 'Castillo Flores', 'carla.castillo@perforacionesandinas.cl', NULL, 2, 2, 29, TRUE, NULL),
(61, '14.108.699-5', 'Carlos Pedro', 'Carvajal Bravo', 'carlos.carvajal@perforacionesandinas.cl', NULL, 2, 2, 29, TRUE, NULL),
(62, '18.957.998-5', 'Diego Eduardo', 'Yanez Acuna', 'diego.yanez@perforacionesandinas.cl', NULL, 2, 2, 26, TRUE, NULL),
(63, '11.947.626-7', 'Natalia Antonia', 'Palma Sepulveda', 'natalia.palma@perforacionesandinas.cl', NULL, 2, 2, 26, TRUE, NULL),
(64, '13.340.448-1', 'Ivan Tomas', 'Herrera Pinto', 'ivan.herrera@perforacionesandinas.cl', NULL, 2, 2, 26, TRUE, NULL),
(65, '14.167.394-7', 'Luis Patricio', 'Salinas Valenzuela', 'luis.salinas@perforacionesandinas.cl', NULL, 2, 2, 26, TRUE, NULL),
(66, '24.988.560-6', 'Roberto Patricio', 'Espinoza Bustamante', 'roberto.espinoza@perforacionesandinas.cl', NULL, 2, 2, 26, TRUE, NULL),
(67, '24.902.482-1', 'Manuel Ivan', 'Saavedra Cabrera', 'manuel.saavedra@perforacionesandinas.cl', NULL, 2, 2, 26, TRUE, NULL),
(68, '10.246.514-8', 'Rosa Constanza', 'Riquelme Becerra', 'rosa.riquelme@perforacionesandinas.cl', NULL, 2, 2, 28, TRUE, NULL),
(69, '17.059.171-2', 'Rodrigo Hernan', 'Alarcon Arriagada', 'rodrigo.alarcon@perforacionesandinas.cl', NULL, 2, 2, 29, TRUE, NULL),
(70, '15.902.771-6', 'Ivan Fernando', 'Cifuentes Alarcon', 'ivan.cifuentes@perforacionesandinas.cl', NULL, 2, 2, 29, TRUE, NULL),
(71, '15.830.189-K', 'Jorge Alejandro', 'Munoz Quintero', 'jorge.munoz@perforacionesandinas.cl', NULL, 2, 2, 28, TRUE, NULL),
(72, '11.875.851-K', 'Silvia Florencia', 'Perez Opazo', 'silvia.perez@perforacionesandinas.cl', NULL, 2, 2, 29, TRUE, NULL),
(73, '23.673.042-5', 'Gabriel Raul', 'Rojas Ahumada', 'gabriel.rojas@perforacionesandinas.cl', NULL, 2, 2, 29, TRUE, NULL),
(74, '15.387.584-7', 'Juan Patricio', 'Cifuentes Barraza', 'juan.cifuentes@perforacionesandinas.cl', NULL, 2, 2, 28, TRUE, NULL),
(75, '15.689.167-3', 'Benjamin Victor', 'Palma Poblete', 'benjamin.palma@servicioscampamento.cl', NULL, 1, 3, 12, TRUE, NULL),
(76, '19.115.898-9', 'Emilio Tomas', 'Poblete Arriagada', 'emilio.poblete@servicioscampamento.cl', NULL, 1, 3, 13, TRUE, NULL),
(77, '13.581.169-6', 'Rodrigo Roberto', 'Carrasco Uribe', 'rodrigo.carrasco@servicioscampamento.cl', NULL, 1, 3, 13, TRUE, NULL),
(78, '20.621.170-9', 'Roberto Claudio', 'Ibanez Cortes', 'roberto.ibanez@servicioscampamento.cl', NULL, 1, 3, 12, TRUE, NULL),
(79, '18.826.799-8', 'Carlos Hernan', 'Uribe Moya', 'carlos.uribe@servicioscampamento.cl', NULL, 1, 3, 13, TRUE, NULL),
(80, '12.962.107-9', 'Manuel Hugo', 'Riquelme Medina', 'manuel.riquelme@servicioscampamento.cl', NULL, 1, 3, 14, TRUE, NULL),
(81, '16.784.304-2', 'Gonzalo Vicente', 'Godoy Montes', 'gonzalo.godoy@servicioscampamento.cl', NULL, 1, 3, 14, TRUE, NULL),
(82, '10.432.025-2', 'Bruno Pablo', 'Paredes Bravo', 'bruno.paredes@servicioscampamento.cl', NULL, 1, 3, 14, TRUE, NULL),
(83, '16.010.069-9', 'Claudio Patricio', 'Tapia Torres', 'claudio.tapia@servicioscampamento.cl', NULL, 1, 3, 30, TRUE, NULL),
(84, '22.255.242-7', 'Eduardo Emilio', 'Maldonado Opazo', 'eduardo.maldonado@servicioscampamento.cl', NULL, 1, 3, 30, TRUE, NULL),
(85, '16.732.220-4', 'Alejandro Agustin', 'Villalobos Reyes', 'alejandro.villalobos@servicioscampamento.cl', NULL, 1, 3, 31, TRUE, NULL),
(86, '14.259.426-9', 'Ignacio Francisco', 'Vargas Guzman', 'ignacio.vargas@servicioscampamento.cl', NULL, 1, 3, 13, TRUE, NULL),
(87, '22.820.042-5', 'Jorge Nicolas', 'Zuniga Garcia', 'jorge.zuniga@servicioscampamento.cl', NULL, 1, 3, 30, TRUE, NULL),
(88, '17.667.420-2', 'Ignacio Luis', 'Aguilera Tapia', 'ignacio.aguilera@servicioscampamento.cl', NULL, 1, 3, 12, TRUE, NULL),
(89, '21.109.743-4', 'Eduardo Claudio', 'Guzman Montes', 'eduardo.guzman@servicioscampamento.cl', NULL, 1, 3, 13, TRUE, NULL),
(90, '14.107.156-4', 'Martin Martin', 'Cortes Sandoval', 'martin.cortes@servicioscampamento.cl', NULL, 1, 3, 13, TRUE, NULL),
(91, '16.506.680-4', 'Alejandro Martin', 'Sepulveda Ahumada', 'alejandro.sepulveda@servicioscampamento.cl', NULL, 1, 3, 13, TRUE, NULL),
(92, '17.998.640-K', 'Martin Lucas', 'Rodriguez Gonzalez', 'martin.rodriguez@servicioscampamento.cl', NULL, 1, 3, 13, TRUE, NULL),
(93, '13.650.735-4', 'Mauricio Alvaro', 'Gallardo Reyes', 'mauricio.gallardo@servicioscampamento.cl', NULL, 1, 3, 14, TRUE, NULL),
(94, '14.721.690-4', 'Felipe Alvaro', 'Zuniga Perez', 'felipe.zuniga@servicioscampamento.cl', NULL, 1, 3, 14, TRUE, NULL),
(95, '10.466.146-7', 'Catalina Patricia', 'Carvajal Hernandez', 'catalina.carvajal@servicioscampamento.cl', NULL, 1, 3, 14, TRUE, NULL),
(96, '18.886.981-5', 'Mario Leonardo', 'Fernandez Ahumada', 'mario.fernandez@servicioscampamento.cl', NULL, 1, 3, 30, TRUE, NULL),
(97, '14.522.588-4', 'Pedro Pedro', 'Tapia Orellana', 'pedro.tapia@servicioscampamento.cl', NULL, 1, 3, 30, TRUE, NULL),
(98, '23.514.387-9', 'Hernan Cristobal', 'Palma Zuniga', 'hernan.palma@servicioscampamento.cl', NULL, 1, 3, 31, TRUE, NULL),
(99, '17.702.082-6', 'Luis Agustin', 'Riquelme Montes', 'luis.riquelme@servicioscampamento.cl', NULL, 1, 3, 31, TRUE, NULL),
(100, '19.322.631-0', 'Matias Mauricio', 'Medina Soto', 'matias.medina@logisticaminera.cl', NULL, 1, 5, 32, TRUE, NULL),
(101, '17.787.127-3', 'Benjamin Pedro', 'Barraza Vargas', 'benjamin.barraza@logisticaminera.cl', NULL, 1, 5, 33, TRUE, NULL),
(102, '10.569.918-2', 'Mauricio Manuel', 'Cornejo Araya', 'mauricio.cornejo@logisticaminera.cl', NULL, 1, 5, 33, TRUE, NULL),
(103, '12.538.851-5', 'Mauricio Alejandro', 'Medina Lopez', 'mauricio.medina@logisticaminera.cl', NULL, 1, 5, 34, TRUE, NULL),
(104, '14.473.148-4', 'Gonzalo Carlos', 'Ramirez Ramirez', 'gonzalo.ramirez@logisticaminera.cl', NULL, 1, 5, 33, TRUE, NULL),
(105, '18.354.055-6', 'Felipe Francisco', 'Torres Herrera', 'felipe.torres@logisticaminera.cl', NULL, 1, 5, 34, TRUE, NULL),
(106, '11.256.352-0', 'Daniela Monica', 'Hernandez Flores', 'daniela.hernandez@logisticaminera.cl', NULL, 1, 5, 33, TRUE, NULL),
(107, '24.833.209-3', 'Gabriel Cristobal', 'Figueroa Bustamante', 'gabriel.figueroa@logisticaminera.cl', NULL, 1, 5, 34, TRUE, NULL),
(108, '19.100.574-0', 'Ivan Joaquin', 'Ibanez Riquelme', 'ivan.ibanez@logisticaminera.cl', NULL, 1, 5, 35, TRUE, NULL),
(109, '10.057.612-0', 'Tomas Pedro', 'Poblete Uribe', 'tomas.poblete@logisticaminera.cl', NULL, 1, 5, 36, TRUE, NULL),
(110, '10.781.116-8', 'Joaquin Gonzalo', 'Poblete Cabrera', 'joaquin.poblete@logisticaminera.cl', NULL, 1, 5, 34, TRUE, NULL),
(111, '19.134.982-2', 'Fernando Andres', 'Flores Vidal', 'fernando.flores@logisticaminera.cl', NULL, 1, 5, 34, TRUE, NULL),
(112, '16.695.075-9', 'Rodrigo Felipe', 'Godoy Villalobos', 'rodrigo.godoy@logisticaminera.cl', NULL, 1, 5, 34, TRUE, NULL),
(113, '14.844.127-8', 'Tomas Matias', 'Riquelme Navarro', 'tomas.riquelme@logisticaminera.cl', NULL, 1, 5, 35, TRUE, NULL),
(114, '11.910.440-8', 'Alejandro Fernando', 'Vega Flores', 'alejandro.vega@logisticaminera.cl', NULL, 1, 5, 33, TRUE, NULL),
(115, '17.925.641-K', 'Pedro Carlos', 'Sandoval Morales', 'pedro.sandoval@logisticaminera.cl', NULL, 1, 5, 37, TRUE, NULL),
(116, '16.085.333-6', 'Ivan Fernando', 'Zuniga Paredes', 'ivan.zuniga@logisticaminera.cl', NULL, 1, 5, 38, TRUE, NULL),
(117, '16.761.146-K', 'Roberto Mario', 'Morales Castro', 'roberto.morales@logisticaminera.cl', NULL, 1, 5, 34, TRUE, NULL),
(118, '11.123.541-4', 'Catalina Veronica', 'Riquelme Navarro', 'catalina.riquelme@logisticaminera.cl', NULL, 1, 5, 34, TRUE, NULL),
(119, '18.564.131-7', 'Alejandro Gabriel', 'Caceres Torres', 'alejandro.caceres@logisticaminera.cl', NULL, 1, 5, 33, TRUE, NULL),
(120, '22.001.397-9', 'Leonardo Gabriel', 'Quintero Morales', 'leonardo.quintero@logisticaminera.cl', NULL, 1, 5, 34, TRUE, NULL),
(121, '24.831.521-0', 'Oscar Nicolas', 'Paredes Acuna', 'oscar.paredes@logisticaminera.cl', NULL, 1, 5, 34, TRUE, NULL),
(122, '17.343.590-8', 'Leonardo Tomas', 'Vera Cornejo', 'leonardo.vera@logisticaminera.cl', NULL, 1, 5, 34, TRUE, NULL),
(123, '11.044.587-3', 'Silvia Monica', 'Sepulveda Riquelme', 'silvia.sepulveda@logisticaminera.cl', NULL, 1, 5, 32, TRUE, NULL),
(124, '12.310.841-8', 'Macarena Andrea', 'Castillo Rojas', 'macarena.castillo@logisticaminera.cl', NULL, 1, 5, 36, TRUE, NULL),
(125, '12.333.460-4', 'Javiera Lorena', 'Mora Paredes', 'javiera.mora@logisticaminera.cl', NULL, 1, 5, 33, TRUE, NULL),
(126, '11.072.662-7', 'Martina Barbara', 'Parra Vergara', 'martina.parra@logisticaminera.cl', NULL, 1, 5, 33, TRUE, NULL),
(127, '19.043.755-8', 'Tomas Carlos', 'Fuentes Carvajal', 'tomas.fuentes@logisticaminera.cl', NULL, 1, 5, 35, TRUE, NULL),
(128, '13.165.690-4', 'Jaime Ivan', 'Pinto Sandoval', 'jaime.pinto@logisticaminera.cl', NULL, 1, 5, 34, TRUE, NULL),
(129, '19.604.101-K', 'Raul Vicente', 'Tapia Rodriguez', 'raul.tapia@logisticaminera.cl', NULL, 1, 5, 34, TRUE, NULL),
(130, '12.793.238-7', 'Fernando Alvaro', 'Fuentes Aravena', 'fernando.fuentes@logisticaminera.cl', NULL, 1, 5, 39, TRUE, NULL),
(131, '22.703.876-4', 'Miguel Miguel', 'Navarro Ortiz', 'miguel.navarro@logisticaminera.cl', NULL, 1, 5, 34, TRUE, NULL),
(132, '13.161.401-2', 'Emilio Gabriel', 'Tapia Mendoza', 'emilio.tapia@logisticaminera.cl', NULL, 1, 5, 34, TRUE, NULL),
(133, '23.714.512-7', 'Fernando Matias', 'Pizarro Nunez', 'fernando.pizarro@logisticaminera.cl', NULL, 1, 5, 36, TRUE, NULL),
(134, '20.969.092-6', 'Matias Nicolas', 'Diaz Ibanez', 'matias.diaz@logisticaminera.cl', NULL, 1, 5, 39, TRUE, NULL),
(135, '23.618.569-9', 'Ivan Pablo', 'Rios Martinez', 'ivan.rios@logisticaminera.cl', NULL, 1, 5, 34, TRUE, NULL),
(136, '20.201.818-1', 'Lucas Francisco', 'Salinas Quintero', 'lucas.salinas@logisticaminera.cl', NULL, 1, 5, 35, TRUE, NULL),
(137, '23.654.746-9', 'Rodrigo Patricio', 'Araya Maldonado', 'rodrigo.araya@perforacionesandinas.cl', NULL, 2, 2, 40, TRUE, NULL),
(138, '16.381.910-4', 'Raul Tomas', 'Riquelme Castillo', 'raul.riquelme@perforacionesandinas.cl', NULL, 2, 2, 41, TRUE, NULL),
(139, '20.952.573-9', 'Alvaro Alvaro', 'Montes Herrera', 'alvaro.montes@perforacionesandinas.cl', NULL, 2, 2, 29, TRUE, NULL),
(140, '15.606.569-2', 'Gabriel Cristobal', 'Sandoval Silva', 'gabriel.sandoval@perforacionesandinas.cl', NULL, 2, 2, 42, TRUE, NULL),
(141, '21.963.767-5', 'Carlos Luis', 'Aravena Vega', 'carlos.aravena@perforacionesandinas.cl', NULL, 2, 2, 43, TRUE, NULL),
(142, '10.475.689-1', 'Nicole Rosa', 'Caceres Cornejo', 'nicole.caceres@servicioscampamento.cl', NULL, 1, 3, 14, TRUE, NULL),
(143, '23.893.669-1', 'Carlos Cristobal', 'Olivares Villalobos', 'carlos.olivares@servicioscampamento.cl', NULL, 1, 3, 31, TRUE, NULL),
(144, '11.232.458-5', 'Sofia Rocio', 'Silva Diaz', 'sofia.silva@servicioscampamento.cl', NULL, 1, 3, 12, TRUE, NULL),
(145, '14.898.587-1', 'Martin Gabriel', 'Villalobos Flores', 'martin.villalobos@servicioscampamento.cl', NULL, 1, 3, 31, TRUE, NULL),
(146, '23.253.275-0', 'Cristobal Sebastian', 'Cifuentes Herrera', 'cristobal.cifuentes@perforacionesandinas.cl', NULL, 3, 2, 23, TRUE, NULL),
(147, '18.629.039-9', 'Gabriel Tomas', 'Nunez Olivares', 'gabriel.nunez@perforacionesandinas.cl', NULL, 2, 2, 29, TRUE, NULL),
(148, '14.652.971-2', 'Emilio Roberto', 'Rodriguez Herrera', 'emilio.rodriguez@perforacionesandinas.cl', NULL, 2, 2, 29, TRUE, NULL),
(149, '17.398.275-5', 'Manuel Victor', 'Hernandez Guzman', 'manuel.hernandez@perforacionesandinas.cl', NULL, 2, 2, 28, TRUE, NULL),
(150, '18.913.096-1', 'Luis Andres', 'Martinez Mora', 'luis.martinez@perforacionesandinas.cl', NULL, 2, 2, 29, TRUE, NULL),
(151, '24.809.120-7', 'Luis Manuel', 'Vera Donoso', 'luis.vera@perforacionesandinas.cl', NULL, 2, 2, 29, TRUE, NULL),
(152, '19.109.874-9', 'Roberto Daniel', 'Munoz Poblete', 'roberto.munoz@perforacionesandinas.cl', NULL, 2, 2, 28, TRUE, NULL),
(153, '24.413.967-1', 'Manuel Raul', 'Tapia Salazar', 'manuel.tapia@perforacionesandinas.cl', NULL, 2, 2, 29, TRUE, NULL),
(154, '14.504.560-6', 'Martin Cristobal', 'Fuentes Lagos', 'martin.fuentes@perforacionesandinas.cl', NULL, 2, 2, 29, TRUE, NULL),
(155, '10.994.903-5', 'Isabel Lorena', 'Opazo Uribe', 'isabel.opazo@perforacionesandinas.cl', NULL, 2, 2, 28, TRUE, NULL),
(156, '19.547.652-7', 'Claudio Emilio', 'Flores Palma', 'claudio.flores@perforacionesandinas.cl', NULL, 2, 2, 29, TRUE, NULL),
(157, '22.491.648-5', 'Emilio Mario', 'Paredes Medina', 'emilio.paredes@perforacionesandinas.cl', NULL, 2, 2, 29, TRUE, NULL),
(158, '11.741.633-K', 'Rosa Carolina', 'Rios Rios', 'rosa.rios@perforacionesandinas.cl', NULL, 2, 2, 28, TRUE, NULL),
(159, '23.582.954-1', 'Raul Diego', 'Araya Contreras', 'raul.araya@perforacionesandinas.cl', NULL, 4, 2, 44, TRUE, NULL),
(160, '17.320.879-0', 'Rodrigo Pedro', 'Paredes Aravena', 'rodrigo.paredes@perforacionesandinas.cl', NULL, 4, 2, 45, TRUE, NULL),
(161, '15.988.364-7', 'Pedro Gabriel', 'Toledo Bustamante', 'pedro.toledo@perforacionesandinas.cl', NULL, 4, 2, 46, TRUE, NULL),
(162, '21.297.680-6', 'Pablo Ignacio', 'Acuna Fernandez', 'pablo.acuna@perforacionesandinas.cl', NULL, 4, 2, 46, TRUE, NULL),
(163, '11.590.147-8', 'Silvia Rosa', 'Ramirez Contreras', 'silvia.ramirez@perforacionesandinas.cl', NULL, 4, 2, 47, TRUE, NULL),
(164, '19.007.404-8', 'Alejandro Luis', 'Maldonado Vera', 'alejandro.maldonado@perforacionesandinas.cl', NULL, 4, 2, 49, TRUE, NULL),
(165, '23.353.596-6', 'Matias Nicolas', 'Martinez Bravo', 'matias.martinez@perforacionesandinas.cl', NULL, 4, 2, 50, TRUE, NULL),
(166, '17.962.141-K', 'Cristobal Daniel', 'Opazo Martinez', 'cristobal.opazo@perforacionesandinas.cl', NULL, 4, 2, 49, TRUE, NULL),
(167, '13.187.048-5', 'Tomas Tomas', 'Soto Palma', 'tomas.soto@perforacionesandinas.cl', NULL, 4, 2, 50, TRUE, NULL),
(168, '13.620.900-0', 'Alejandro Mauricio', 'Guzman Tapia', 'alejandro.guzman@perforacionesandinas.cl', NULL, 4, 2, 50, TRUE, NULL),
(169, '20.829.471-7', 'Jaime Claudio', 'Rios Aguilera', 'jaime.rios@perforacionesandinas.cl', NULL, 4, 2, 51, TRUE, NULL),
(170, '20.794.458-0', 'Agustin Emilio', 'Godoy Opazo', 'agustin.godoy@perforacionesandinas.cl', NULL, 4, 2, 49, TRUE, NULL),
(171, '24.307.145-3', 'Maximiliano Vicente', 'Yanez Leiva', 'maximiliano.yanez@perforacionesandinas.cl', NULL, 4, 2, 52, TRUE, NULL),
(172, '13.352.354-5', 'Carlos Cristobal', 'Yanez Espinoza', 'carlos.yanez@perforacionesandinas.cl', NULL, 4, 2, 52, TRUE, NULL),
(173, '18.952.585-0', 'Daniel Gabriel', 'Mendoza Parra', 'daniel.mendoza@perforacionesandinas.cl', NULL, 4, 2, 52, TRUE, NULL),
(174, '15.244.407-9', 'Oscar Manuel', 'Opazo Molina', 'oscar.opazo@perforacionesandinas.cl', NULL, 4, 2, 53, TRUE, NULL),
(175, '17.598.225-6', 'Victor Patricio', 'Godoy Campos', 'victor.godoy@perforacionesandinas.cl', NULL, 4, 2, 53, TRUE, NULL),
(176, '16.032.036-2', 'Pedro Agustin', 'Ortiz Montes', 'pedro.ortiz@perforacionesandinas.cl', NULL, 4, 2, 53, TRUE, NULL),
(177, '20.103.684-4', 'Daniel Alejandro', 'Pizarro Campos', 'daniel.pizarro@perforacionesandinas.cl', NULL, 4, 2, 54, TRUE, NULL),
(178, '13.854.695-0', 'Bruno Joaquin', 'Cortes Carvajal', 'bruno.cortes@sondajesnorte.cl', NULL, 1, 4, 55, TRUE, NULL),
(179, '10.950.874-8', 'Barbara Maria', 'Aravena Soto', 'barbara.aravena@sondajesnorte.cl', NULL, 1, 4, 55, TRUE, NULL),
(180, '20.009.533-2', 'Roberto Mario', 'Diaz Munoz', 'roberto.diaz@sondajesnorte.cl', NULL, 1, 4, 56, TRUE, NULL),
(181, '20.315.685-5', 'Gonzalo Alvaro', 'Opazo Perez', 'gonzalo.opazo@sondajesnorte.cl', NULL, 1, 4, 57, TRUE, NULL),
(182, '14.700.173-8', 'Matias Daniel', 'Munoz Alarcon', 'matias.munoz@sondajesnorte.cl', NULL, 1, 4, 59, TRUE, NULL),
(183, '19.066.444-9', 'Sergio Francisco', 'Olivares Flores', 'sergio.olivares@sondajesnorte.cl', NULL, 1, 4, 55, TRUE, NULL),
(184, '16.835.946-2', 'Nicolas Rodrigo', 'Cabrera Nunez', 'nicolas.cabrera@sondajesnorte.cl', NULL, 1, 4, 59, TRUE, NULL),
(185, '10.553.772-7', 'Sandra Natalia', 'Guzman Guzman', 'sandra.guzman@sondajesnorte.cl', NULL, 1, 4, 59, TRUE, NULL),
(186, '21.177.090-2', 'Martin Alvaro', 'Figueroa Leiva', 'martin.figueroa@sondajesnorte.cl', NULL, 1, 4, 58, TRUE, NULL),
(187, '13.276.915-K', 'Cristobal Maximiliano', 'Mendoza Araya', 'cristobal.mendoza@sondajesnorte.cl', NULL, 1, 4, 59, TRUE, NULL),
(188, '19.577.463-3', 'Jaime Patricio', 'Mendoza Moya', 'jaime.mendoza@sondajesnorte.cl', NULL, 1, 4, 58, TRUE, NULL),
(189, '19.445.248-9', 'Lucas Jorge', 'Mendoza Moya', 'lucas.mendoza@sondajesnorte.cl', NULL, 1, 4, 57, TRUE, NULL),
(190, '20.201.724-K', 'Raul Patricio', 'Navarro Saavedra', 'raul.navarro@sondajesnorte.cl', NULL, 1, 4, 55, TRUE, NULL),
(191, '17.447.612-8', 'Pablo Oscar', 'Molina Moya', 'pablo.molina@sondajesnorte.cl', NULL, 1, 4, 59, TRUE, NULL),
(192, '24.233.771-9', 'Daniel Francisco', 'Acuna Montes', 'daniel.acuna@sondajesnorte.cl', NULL, 1, 4, 59, TRUE, NULL),
(193, '10.767.096-3', 'Daniela Camila', 'Mora Martinez', 'daniela.mora@sondajesnorte.cl', NULL, 1, 4, 57, TRUE, NULL),
(194, '22.145.180-5', 'Claudio Eduardo', 'Flores Rojas', 'claudio.flores@sondajesnorte.cl', NULL, 1, 4, 58, TRUE, NULL),
(195, '19.177.333-0', 'Lucas Gabriel', 'Vidal Ramirez', 'lucas.vidal@sondajesnorte.cl', NULL, 1, 4, 58, TRUE, NULL),
(196, '16.999.388-2', 'Sergio Ivan', 'Yanez Maldonado', 'sergio.yanez@sondajesnorte.cl', NULL, 1, 4, 58, TRUE, NULL),
(197, '13.689.216-9', 'Cristobal Jaime', 'Alarcon Riquelme', 'cristobal.alarcon@sondajesnorte.cl', NULL, 1, 4, 59, TRUE, NULL),
(198, '17.292.885-4', 'Jaime Mauricio', 'Sandoval Villalobos', 'jaime.sandoval@sondajesnorte.cl', NULL, 1, 4, 59, TRUE, NULL),
(199, '23.126.067-6', 'Pablo Eduardo', 'Carvajal Rodriguez', 'pablo.carvajal@sondajesnorte.cl', NULL, 1, 4, 58, TRUE, NULL),
(200, '16.587.841-8', 'Matias Bruno', 'Moya Munoz', 'matias.moya@sondajesnorte.cl', NULL, 1, 4, 59, TRUE, NULL),
(201, '19.972.224-7', 'Ignacio Hugo', 'Ramirez Vargas', 'ignacio.ramirez@sondajesnorte.cl', NULL, 1, 4, 59, TRUE, NULL),
(202, '19.557.411-1', 'Roberto Leonardo', 'Medina Gallardo', 'roberto.medina@sondajesnorte.cl', NULL, 1, 4, 59, TRUE, NULL),
(203, '16.461.740-8', 'Victor Victor', 'Ramirez Pena', 'victor.ramirez@sondajesnorte.cl', NULL, 1, 4, 59, TRUE, NULL),
(204, '16.084.398-5', 'Patricio Pablo', 'Montes Mendoza', 'patricio.montes@sondajesnorte.cl', NULL, 1, 4, 58, TRUE, NULL),
(205, '21.316.795-2', 'Gonzalo Jaime', 'Contreras Lopez', 'gonzalo.contreras@sondajesnorte.cl', NULL, 1, 4, 57, TRUE, NULL),
(206, '16.247.498-7', 'Luis Ivan', 'Fernandez Salazar', 'luis.fernandez@sondajesnorte.cl', NULL, 1, 4, 57, TRUE, NULL),
(207, '18.584.977-5', 'Felipe Pedro', 'Soto Ortiz', 'felipe.soto@sondajesnorte.cl', NULL, 1, 4, 57, TRUE, NULL),
(208, '14.310.798-1', 'Francisco Hugo', 'Moya Cabrera', 'francisco.moya@sondajesnorte.cl', NULL, 1, 4, 59, TRUE, NULL),
(209, '14.423.565-7', 'Emilio Miguel', 'Donoso Lopez', 'emilio.donoso@sondajesnorte.cl', NULL, 1, 4, 59, TRUE, NULL),
(210, '22.182.886-0', 'Hugo Rodrigo', 'Montes Bustamante', 'hugo.montes@sondajesnorte.cl', NULL, 1, 4, 59, TRUE, NULL),
(211, '19.776.226-8', 'Miguel Gabriel', 'Cornejo Saavedra', 'miguel.cornejo@sondajesnorte.cl', NULL, 1, 4, 59, TRUE, NULL),
(212, '19.514.088-K', 'Manuel Ignacio', 'Cornejo Donoso', 'manuel.cornejo@sondajesnorte.cl', NULL, 1, 4, 60, TRUE, NULL),
(213, '17.557.121-3', 'Manuel Tomas', 'Soto Silva', 'manuel.soto@sondajesnorte.cl', NULL, 1, 4, 59, TRUE, NULL),
(214, '16.945.572-4', 'Sebastian Ignacio', 'Montes Medina', 'sebastian.montes@sondajesnorte.cl', NULL, 1, 4, 58, TRUE, NULL),
(215, '22.496.106-5', 'Sebastian Diego', 'Olivares Vega', 'sebastian.olivares@sondajesnorte.cl', NULL, 1, 4, 58, TRUE, NULL),
(216, '15.171.436-6', 'Lucas Victor', 'Herrera Alarcon', 'lucas.herrera@sondajesnorte.cl', NULL, 1, 4, 59, TRUE, NULL),
(217, '20.498.771-8', 'Tomas Roberto', 'Soto Castillo', 'tomas.soto@sondajesnorte.cl', NULL, 1, 4, 59, TRUE, NULL),
(218, '15.118.705-6', 'Cristobal Eduardo', 'Alarcon Morales', 'cristobal.alarcon@sondajesnorte.cl', NULL, 1, 4, 59, TRUE, NULL),
(219, '12.797.174-9', 'Alejandro Benjamin', 'Zuniga Pena', 'alejandro.zuniga@sondajesnorte.cl', NULL, 1, 4, 57, TRUE, NULL),
(220, '21.041.289-1', 'Gonzalo Tomas', 'Mora Morales', 'gonzalo.mora@sondajesnorte.cl', NULL, 1, 4, 55, TRUE, NULL),
(221, '15.312.283-0', 'Raul Ricardo', 'Cortes Flores', 'raul.cortes@sondajesnorte.cl', NULL, 1, 4, 59, TRUE, NULL),
(222, '22.557.061-2', 'Jorge Daniel', 'Godoy Campos', 'jorge.godoy@sondajesnorte.cl', NULL, 1, 4, 55, TRUE, NULL),
(223, '15.154.308-1', 'Lucas Diego', 'Lopez Arriagada', 'lucas.lopez@sondajesnorte.cl', NULL, 1, 4, 59, TRUE, NULL),
(224, '13.251.824-6', 'Patricio Eduardo', 'Cornejo Fernandez', 'patricio.cornejo@sondajesnorte.cl', NULL, 1, 4, 58, TRUE, NULL),
(225, '15.213.800-8', 'Alejandro Claudio', 'Donoso Tapia', 'alejandro.donoso@sondajesnorte.cl', NULL, 1, 4, 59, TRUE, NULL);

-- ============================================================
-- CICLOS
-- ============================================================

INSERT INTO ciclos (id, contrato_id, letra, fecha_inicio, fecha_fin, estado, horario) VALUES
(1, 6, 'C', '2025-10-20', '2025-10-23', 'NO_DEFINIDO', 'DIA'),
(2, 6, 'C', '2025-10-20', '2025-10-30', 'NO_DEFINIDO', 'DIA'),
(3, 6, 'C', '2025-10-01', '2025-10-10', 'NO_DEFINIDO', 'DIA'),
(4, 6, 'D', '2025-10-01', '2025-10-10', 'NO_DEFINIDO', 'DIA'),
(5, 6, 'C', '2025-09-29', '2025-10-03', 'NO_DEFINIDO', 'DIA'),
(6, 6, 'C', '2025-09-26', '2025-10-05', 'NO_DEFINIDO', 'DIA'),
(7, 4, 'A', '2025-11-21', '2025-12-05', 'NO_DEFINIDO', 'DIA'),
(8, 4, 'B', '2025-11-21', '2025-12-05', 'NO_DEFINIDO', 'DIA'),
(9, 4, 'C', '2025-11-07', '2025-11-20', 'NO_DEFINIDO', 'DIA'),
(10, 4, 'D', '2025-11-07', '2025-11-20', 'NO_DEFINIDO', 'DIA'),
(11, 2, 'A', '2025-09-23', '2025-10-03', 'NO_DEFINIDO', 'DIA'),
(12, 2, 'A', '2025-09-03', '2025-09-13', 'NO_DEFINIDO', 'DIA'),
(13, 2, 'C', '2025-09-13', '2025-09-23', 'NO_DEFINIDO', 'DIA'),
(14, 2, 'C', '2025-08-24', '2025-09-03', 'NO_DEFINIDO', 'DIA'),
(15, 3, 'B', '2025-09-26', '2025-10-05', 'NO_DEFINIDO', 'DIA'),
(16, 3, 'A', '2025-09-26', '2025-10-05', 'NO_DEFINIDO', 'DIA'),
(17, 4, 'A', '2025-09-25', '2025-10-08', 'NO_DEFINIDO', 'DIA'),
(18, 4, 'B', '2025-09-25', '2025-10-08', 'NO_DEFINIDO', 'DIA'),
(19, 2, 'A', '2025-11-02', '2025-11-12', 'NO_DEFINIDO', 'DIA'),
(20, 2, 'B', '2025-11-12', '2025-11-22', 'NO_DEFINIDO', 'DIA'),
(21, 9, 'A', '2025-11-15', '2025-11-28', 'NO_DEFINIDO', 'DIA'),
(22, 9, 'B', '2025-11-15', '2025-11-28', 'NO_DEFINIDO', 'DIA'),
(23, 9, 'A', '2025-11-21', '2025-11-28', 'NO_DEFINIDO', 'DIA'),
(24, 8, 'C', '2025-09-16', '2025-09-25', 'NO_DEFINIDO', 'DIA'),
(25, 8, 'D', '2025-09-16', '2025-09-25', 'NO_DEFINIDO', 'DIA'),
(26, 8, 'C', '2025-08-17', '2025-08-26', 'NO_DEFINIDO', 'DIA'),
(27, 8, 'D', '2025-08-17', '2025-08-26', 'NO_DEFINIDO', 'DIA'),
(28, 8, 'B', '2025-08-27', '2025-09-05', 'NO_DEFINIDO', 'DIA'),
(29, 8, 'A', '2025-08-27', '2025-09-05', 'NO_DEFINIDO', 'DIA');

-- ============================================================
-- ASIGNACIONES
-- ============================================================

INSERT INTO asignaciones (id, ciclo_id, trabajador_id) VALUES
(1, 1, 1),
(2, 1, 2),
(3, 2, 3),
(4, 2, 4),
(5, 2, 5),
(6, 2, 6),
(7, 3, 7),
(8, 3, 8),
(9, 3, 9),
(10, 3, 10),
(11, 3, 11),
(12, 3, 12),
(13, 4, 13),
(14, 4, 14),
(15, 4, 15),
(16, 3, 3),
(17, 3, 16),
(18, 3, 17),
(19, 4, 18),
(20, 4, 19),
(21, 4, 20),
(22, 3, 21),
(23, 3, 22),
(24, 3, 4),
(25, 4, 23),
(26, 4, 24),
(27, 4, 25),
(28, 3, 26),
(29, 3, 27),
(30, 3, 28),
(31, 4, 29),
(32, 4, 30),
(33, 4, 31),
(34, 4, 32),
(35, 3, 33),
(36, 5, 1),
(37, 5, 2),
(38, 6, 34),
(39, 6, 35),
(40, 6, 36),
(41, 7, 37),
(42, 7, 38),
(43, 7, 39),
(44, 7, 40),
(45, 8, 41),
(46, 8, 42),
(47, 7, 43),
(48, 7, 44),
(49, 7, 45),
(50, 8, 46),
(51, 8, 47),
(52, 8, 48),
(53, 7, 49),
(54, 7, 50),
(55, 7, 51),
(56, 8, 52),
(57, 8, 53),
(58, 8, 54),
(59, 7, 55),
(60, 7, 56),
(61, 7, 57),
(62, 8, 58),
(63, 8, 59),
(64, 8, 60),
(65, 7, 61),
(66, 7, 62),
(67, 7, 63),
(68, 9, 64),
(69, 9, 65),
(70, 9, 66),
(71, 9, 67),
(72, 9, 68),
(73, 9, 69),
(74, 9, 70),
(75, 10, 71),
(76, 10, 72),
(77, 10, 73),
(78, 9, 74),
(79, 11, 75),
(80, 11, 76),
(81, 11, 77),
(82, 11, 78),
(83, 11, 79),
(84, 11, 80),
(85, 11, 81),
(86, 11, 82),
(87, 11, 83),
(88, 11, 84),
(89, 11, 85),
(90, 12, 75),
(91, 12, 76),
(92, 12, 77),
(93, 12, 86),
(94, 12, 79),
(95, 12, 80),
(96, 12, 81),
(97, 12, 82),
(98, 12, 83),
(99, 12, 87),
(100, 12, 85),
(101, 13, 88),
(102, 13, 89),
(103, 13, 90),
(104, 13, 91),
(105, 13, 92),
(106, 13, 93),
(107, 13, 94),
(108, 13, 95),
(109, 13, 96),
(110, 13, 97),
(111, 13, 98),
(112, 14, 88),
(113, 14, 89),
(114, 14, 90),
(115, 14, 91),
(116, 14, 92),
(117, 14, 93),
(118, 14, 94),
(119, 14, 95),
(120, 14, 96),
(121, 14, 97),
(122, 14, 99),
(123, 15, 100),
(124, 16, 101),
(125, 15, 102),
(126, 15, 103),
(127, 15, 104),
(128, 15, 105),
(129, 16, 106),
(130, 16, 107),
(131, 16, 108),
(132, 16, 109),
(133, 16, 110),
(134, 16, 111),
(135, 16, 112),
(136, 16, 113),
(137, 15, 114),
(138, 16, 115),
(139, 16, 116),
(140, 15, 117),
(141, 15, 118),
(142, 16, 119),
(143, 16, 120),
(144, 15, 121),
(145, 16, 122),
(146, 16, 123),
(147, 15, 124),
(148, 15, 125),
(149, 16, 126),
(150, 16, 127),
(151, 16, 128),
(152, 16, 129),
(153, 16, 130),
(154, 15, 131),
(155, 16, 132),
(156, 15, 133),
(157, 15, 134),
(158, 15, 135),
(159, 16, 136),
(160, 17, 37),
(161, 18, 42),
(162, 17, 137),
(163, 17, 138),
(164, 17, 139),
(165, 17, 39),
(166, 17, 38),
(167, 17, 40),
(168, 18, 140),
(169, 18, 141),
(170, 17, 43),
(171, 17, 44),
(172, 17, 45),
(173, 18, 58),
(174, 18, 47),
(175, 18, 46),
(176, 17, 49),
(177, 17, 50),
(178, 17, 51),
(179, 18, 52),
(180, 18, 53),
(181, 19, 75),
(182, 19, 76),
(183, 19, 77),
(184, 19, 86),
(185, 19, 79),
(186, 19, 80),
(187, 19, 81),
(188, 19, 142),
(189, 19, 83),
(190, 19, 84),
(191, 19, 143),
(192, 20, 144),
(193, 20, 89),
(194, 20, 90),
(195, 20, 91),
(196, 20, 92),
(197, 20, 93),
(198, 20, 94),
(199, 20, 95),
(200, 20, 96),
(201, 20, 97),
(202, 20, 145),
(203, 18, 54),
(204, 18, 61),
(205, 2, 8),
(206, 2, 146),
(207, 2, 18),
(208, 2, 19),
(209, 2, 20),
(210, 2, 23),
(211, 2, 24),
(212, 2, 25),
(213, 2, 32),
(214, 9, 147),
(215, 9, 148),
(216, 10, 149),
(217, 10, 150),
(218, 10, 151),
(219, 9, 152),
(220, 9, 153),
(221, 9, 154),
(222, 10, 155),
(223, 10, 156),
(224, 10, 17),
(225, 9, 157),
(226, 9, 158),
(227, 21, 159),
(228, 22, 21),
(229, 21, 160),
(230, 21, 161),
(231, 22, 162),
(232, 21, 163),
(233, 21, 36),
(234, 21, 164),
(235, 21, 16),
(236, 21, 165),
(237, 22, 166),
(238, 22, 167),
(239, 22, 168),
(240, 21, 169),
(241, 21, 170),
(242, 23, 171),
(243, 21, 172),
(244, 21, 173),
(245, 21, 174),
(246, 22, 175),
(247, 21, 176),
(248, 21, 177),
(249, 24, 178),
(250, 25, 179),
(251, 24, 180),
(252, 26, 181),
(253, 26, 101),
(254, 27, 182),
(255, 27, 102),
(256, 27, 103),
(257, 26, 104),
(258, 26, 105),
(259, 26, 106),
(260, 26, 107),
(261, 26, 108),
(262, 26, 109),
(263, 27, 183),
(264, 27, 184),
(265, 26, 110),
(266, 26, 111),
(267, 27, 185),
(268, 27, 112),
(269, 26, 113),
(270, 27, 114),
(271, 26, 116),
(272, 27, 117),
(273, 26, 118),
(274, 27, 186),
(275, 26, 119),
(276, 27, 187),
(277, 26, 120),
(278, 27, 121),
(279, 26, 122),
(280, 27, 188),
(281, 26, 124),
(282, 26, 125),
(283, 26, 189),
(284, 26, 126),
(285, 26, 127),
(286, 26, 128),
(287, 27, 190),
(288, 26, 129),
(289, 27, 131),
(290, 26, 132),
(291, 27, 191),
(292, 28, 192),
(293, 29, 193),
(294, 29, 194),
(295, 28, 195),
(296, 29, 196),
(297, 28, 197),
(298, 29, 198),
(299, 28, 199),
(300, 28, 200),
(301, 29, 201),
(302, 28, 202),
(303, 29, 203),
(304, 29, 204),
(305, 29, 205),
(306, 29, 206),
(307, 29, 207),
(308, 28, 208),
(309, 28, 209),
(310, 28, 210),
(311, 29, 211),
(312, 29, 212),
(313, 29, 213),
(314, 29, 214),
(315, 28, 215),
(316, 29, 216),
(317, 29, 217),
(318, 28, 218),
(319, 29, 219),
(320, 28, 220),
(321, 29, 221),
(322, 29, 222),
(323, 29, 223),
(324, 28, 224),
(325, 29, 225);

-- ============================================================
-- REQUERIMIENTOS
-- ============================================================

INSERT INTO requerimientos (id, ciclo_id, cargo_id, cantidad_necesaria) VALUES
(1, 1, 15, 1),
(2, 1, 16, 1),
(3, 2, 17, 6),
(4, 2, 18, 12),
(5, 2, 19, 1),
(6, 2, 20, 1),
(7, 2, 16, 1),
(8, 2, 23, 2),
(9, 3, 21, 1),
(10, 3, 16, 1),
(11, 3, 22, 2),
(12, 3, 23, 4),
(13, 3, 17, 6),
(14, 3, 18, 14),
(15, 4, 22, 1),
(16, 4, 16, 1),
(17, 4, 21, 1),
(18, 4, 17, 6),
(19, 4, 18, 14),
(20, 5, 15, 1),
(21, 5, 16, 1),
(22, 6, 24, 1),
(23, 6, 19, 1),
(24, 6, 20, 1),
(25, 7, 25, 1),
(26, 7, 26, 5),
(27, 7, 28, 3),
(28, 7, 29, 7),
(29, 8, 27, 1),
(30, 8, 25, 1),
(31, 8, 28, 3),
(32, 8, 29, 6),
(33, 9, 26, 8),
(34, 9, 28, 8),
(35, 9, 29, 14),
(36, 10, 28, 6),
(37, 10, 29, 12),
(38, 11, 12, 2),
(39, 11, 13, 3),
(40, 11, 14, 3),
(41, 11, 30, 2),
(42, 11, 31, 1),
(43, 12, 12, 1),
(44, 12, 13, 4),
(45, 12, 14, 3),
(46, 12, 30, 2),
(47, 12, 31, 1),
(48, 13, 12, 1),
(49, 13, 13, 4),
(50, 13, 14, 3),
(51, 13, 30, 2),
(52, 13, 31, 1),
(53, 14, 12, 1),
(54, 14, 13, 4),
(55, 14, 14, 3),
(56, 14, 30, 2),
(57, 14, 31, 1),
(58, 15, 32, 1),
(59, 15, 33, 12),
(60, 15, 34, 21),
(61, 15, 36, 6),
(62, 15, 39, 1),
(63, 16, 33, 12),
(64, 16, 34, 27),
(65, 16, 35, 12),
(66, 16, 36, 3),
(67, 16, 37, 1),
(68, 16, 38, 3),
(69, 16, 32, 1),
(70, 16, 39, 1),
(71, 17, 25, 6),
(72, 17, 40, 2),
(73, 17, 41, 2),
(74, 17, 29, 10),
(75, 17, 26, 6),
(76, 17, 28, 6),
(77, 18, 25, 6),
(78, 18, 42, 1),
(79, 18, 43, 1),
(80, 18, 28, 9),
(81, 18, 29, 8),
(82, 19, 12, 1),
(83, 19, 13, 4),
(84, 19, 14, 3),
(85, 19, 30, 2),
(86, 19, 31, 1),
(87, 20, 12, 1),
(88, 20, 13, 4),
(89, 20, 14, 3),
(90, 20, 30, 2),
(91, 20, 31, 1),
(92, 21, 44, 1),
(93, 21, 45, 2),
(94, 21, 46, 3),
(95, 21, 47, 3),
(96, 21, 48, 3),
(97, 21, 49, 6),
(98, 21, 50, 6),
(99, 21, 51, 3),
(100, 21, 52, 6),
(101, 21, 53, 6),
(102, 21, 54, 3),
(103, 22, 45, 2),
(104, 22, 46, 3),
(105, 22, 49, 3),
(106, 22, 50, 6),
(107, 22, 53, 3),
(108, 23, 52, 3),
(109, 24, 55, 1),
(110, 24, 56, 1),
(111, 25, 55, 1),
(112, 26, 57, 15),
(113, 26, 58, 18),
(114, 26, 59, 30),
(115, 26, 55, 6),
(116, 26, 60, 3),
(117, 27, 59, 30),
(118, 27, 58, 12),
(119, 27, 55, 6),
(120, 28, 59, 24),
(121, 28, 58, 12),
(122, 28, 55, 3),
(123, 29, 57, 15),
(124, 29, 58, 12),
(125, 29, 59, 30),
(126, 29, 60, 3),
(127, 29, 55, 3);

-- ============================================================
-- RESET SEQUENCES
-- ============================================================

SELECT setval('cargos_id_seq', (SELECT COALESCE(MAX(id), 1) FROM cargos));
SELECT setval('trabajadores_id_seq', (SELECT COALESCE(MAX(id), 1) FROM trabajadores));
SELECT setval('ciclos_id_seq', (SELECT COALESCE(MAX(id), 1) FROM ciclos));
SELECT setval('asignaciones_id_seq', (SELECT COALESCE(MAX(id), 1) FROM asignaciones));
SELECT setval('requerimientos_id_seq', (SELECT COALESCE(MAX(id), 1) FROM requerimientos));

-- ============================================================
-- FIN DEL SCRIPT
-- ============================================================